"Term","Estimate","Std. Error","z value","Pr(>|z|)","P value class","R2 (McFadden)"
"(Intercept)",-1.21865974784621,1.2275964930365,-0.992720128119473,0.320846363106031,"p = .321",0.0334
"Governance indicator",0.49007339154803,0.225330868449897,2.17490570608172,0.02963718323911,"p = .030*",0.0334
"Fishery vulnerability",0.00813749718815436,0.011372910899998,0.715515777772935,0.474290395065251,"p = .474",0.0334
